Alien criminals,sh 85003532,Noncitizen criminals
Alien detention centers,sh 97006426,Immigrant detention centers
Alien property,sh 85003534,Foreign property
Alien property (Greek law),sh 85003537,Foreign property (Greek law)
Aliens,sh 85003534,Noncitizens
Aliens (Greek law),sh 85003554,Noncitizens (Greek law)
Aliens (Islamic law),sh 85003555,Noncitizens (Islamic law)
Aliens (Jewish law),sh 85003556,Noncitizens (Jewish law)
Aliens (Roman law),sh 85003557,Noncitizens (Roman law)
Aliens in art,sh 98004165,Noncitizens in art
Aliens in literature,sh 85003558,Noncitizens in literature
Aliens in mass media,sh2013002183,Noncitizens in mass media
Aliens in motion pictures,sh 97002436,Noncitizens in motion pictures
Children of illegal aliens,sh2011000897,Children of undocumented immigrants
"Officials and employees, Alien",sh 00006868,"Officials and employees, Noncitizen"
Church work with aliens,sh 85025797,Church work with noncitizens
Illegal alien children,sh2008002554,Undocumented children
Illegal aliens,sh 85003553,Undocumented immigrants
Illegal aliens in literature,sh2009001797,Undocumented immigrants in literature
Women illegal aliens,sh2001002003,Women undocumented immigrants