FAST,FAST #
Alien criminals,fst00805053
Alien criminals Government policy,fst00805054
Alien criminals Psychology,fst00805055
Alien detention centers,fst00805056
Alien property (Greek law),fst00805263
Alien property,fst00805258
Alien property Law and legislation,fst00805259
Alien property Law and legislation Taxation,fst00805260
Alien property Valuation,fst00805262
Alien property U.S. states,fst00805261
Aliens (Greek law),fst00805319
Aliens (Islamic law),fst00805320
Aliens (Jewish law),fst00805321
Aliens (Roman law),fst00805322
Aliens in art,fst00805323
Aliens in literature,fst00805324
Aliens in mass media,fst01902338
Aliens in motion pictures,fst00805325
Aliens,fst00805278
Aliens Care,fst01767607
Aliens Attitudes,fst00805279
Aliens Cases,fst00805280
Aliens Certification,fst00805281
Aliens Civil rights,fst00805282
Aliens Conduct of life,fst00805283
Aliens Crimes against,fst00805284
Aliens Diseases,fst00805285
Aliens Economic aspects,fst00805286
Aliens Economic conditions,fst00805287
Aliens Education,fst00805288
Aliens Family relationships,fst00805289
Aliens Government policy,fst00805291
Aliens Health and hygiene,fst00805293
Aliens Housing,fst00805295
Aliens Identification,fst00805296
Aliens International cooperation,fst00805297
Aliens Medical care,fst00805299
Aliens Medical care Law and legislation,fst00805300
Aliens Medical examinations,fst00805301
Aliens Mental health,fst00805302
Aliens Political activity,fst00805303
Aliens Population,fst00805305
Aliens Press coverage,fst00805306
Aliens Psychology,fst00805307
Aliens Public opinion,fst00805308
Aliens Religious life,fst00805309
Aliens Services for,fst00805310
Aliens Services for Finance,fst00967169
Aliens Sexual behavior,fst00805311
Aliens Social conditions,fst00805312
Aliens Suffrage,fst00805314
Aliens Suffrage German states,fst00805315
Aliens Taxation,fst00805316
Aliens Taxation Law and legislation,fst00805317
Aliens U.S. states,fst00805318
Aliens German states,fst00805290
Aliens Spanish colonies,fst00805313
Children of illegal aliens,fst01764759
Children of illegal aliens Education,fst01902763
Children of illegal aliens Education Law and legislation,fst01902764
Church work with aliens,fst00861007
Illegal alien children,fst01745445
Illegal aliens in literature,fst01903565
Illegal aliens,fst00967153
Illegal aliens Civil rights,fst00967154
Illegal aliens Crimes against,fst00967155
Illegal aliens Economic aspects,fst00967156
Illegal aliens Education,fst00967157
Illegal aliens Education U.S. states,fst00967158
Illegal aliens Employment,fst00967159
Illegal aliens Government policy,fst00967160
Illegal aliens International cooperation,fst00967162
"Illegal aliens Legal status, laws, etc. U.S. states",fst00967164
Illegal aliens Political activity,fst00967165
Illegal aliens Research,fst00967166
Illegal aliens Services for,fst00967167
Illegal aliens Services for Costs,fst00967168
Illegal aliens Services for Finance,fst00967169
Illegal aliens Services for U.S. States,fst00805318
Illegal aliens Social conditions,fst00967171
Illegal aliens Statistical methods,fst00967172
Illegal aliens U.S states,fst00967173
Illegal aliens U.S states Costs,fst00805055
Illegal aliens U.S states Population,fst00967175
Relations with aliens,fst01354323
Women illegal aliens,fst01177762